{"cameraMode":{"drawMode":0,"name":"Shaded","section":"Shading Mode"},"sceneLighting":true,"audioPlay":false,"sceneViewState":{"showFog":false,"showMaterialUpdate":false,"showSkybox":true,"showFlares":false,"showImageEffects":false,"showParticleSystems":false,"showVisualEffectGraphs":true,"m_FxEnabled":true},"in2DMode":false,"pivot":{"x":10.650449752807618,"y":13.40740966796875,"z":-16.641162872314454},"rotation":{"x":-0.26523393392562868,"y":0.019095545634627343,"z":-0.005246988032013178,"w":-0.9639763236045837},"size":1.6875824928283692,"orthographic":false}