{"cameraMode":{"drawMode":0,"name":"Shaded","section":"Shading Mode"},"sceneLighting":true,"audioPlay":false,"sceneViewState":{"showFog":false,"showMaterialUpdate":false,"showSkybox":true,"showFlares":false,"showImageEffects":false,"showParticleSystems":false,"showVisualEffectGraphs":true,"m_FxEnabled":true},"in2DMode":false,"pivot":{"x":14.494428634643555,"y":-1.5092471837997437,"z":4.188051223754883},"rotation":{"x":-0.26523393392562868,"y":0.019095545634627343,"z":-0.005246988032013178,"w":-0.9639763236045837},"size":14.379287719726563,"orthographic":false}