{"cameraMode":{"drawMode":0,"name":"Shaded","section":"Shading Mode"},"sceneLighting":true,"audioPlay":false,"sceneViewState":{"showFog":false,"showMaterialUpdate":false,"showSkybox":false,"showFlares":false,"showImageEffects":false,"showParticleSystems":false,"showVisualEffectGraphs":true,"m_FxEnabled":true},"in2DMode":false,"pivot":{"x":0.3626559376716614,"y":-3.6160261631011965,"z":1.0182889699935914},"rotation":{"x":0.242241770029068,"y":0.032007649540901187,"z":-0.007987226359546185,"w":0.9696646928787231},"size":24.447643280029298,"orthographic":false}