{"cameraMode":{"drawMode":0,"name":"Shaded","section":"Shading Mode"},"sceneLighting":true,"audioPlay":false,"sceneViewState":{"showFog":false,"showMaterialUpdate":false,"showSkybox":true,"showFlares":false,"showImageEffects":false,"showParticleSystems":false,"showVisualEffectGraphs":true,"m_FxEnabled":true},"in2DMode":false,"pivot":{"x":2.5528042316436769,"y":1.7282280921936036,"z":0.6081234812736511},"rotation":{"x":-0.25276315212249758,"y":0.08289708942174912,"z":-0.021735653281211854,"w":-0.9637171030044556},"size":4.008872032165527,"orthographic":false}