{"cameraMode":{"drawMode":2,"name":"Shaded Wireframe","section":"Shading Mode"},"sceneLighting":false,"audioPlay":false,"sceneViewState":{"showFog":false,"showMaterialUpdate":false,"showSkybox":false,"showFlares":false,"showImageEffects":false,"showParticleSystems":false,"showVisualEffectGraphs":true,"m_FxEnabled":true},"in2DMode":false,"pivot":{"x":-0.004669547080993652,"y":0.118709996342659,"z":-0.01271587610244751},"rotation":{"x":-0.03330305218696594,"y":0.006594434846192598,"z":-0.0002010539174079895,"w":-0.9994479417800903},"size":1.977604627609253,"orthographic":false}